{"cameraMode":{"drawMode":0,"name":"Shaded","section":"Shading Mode"},"sceneLighting":true,"audioPlay":false,"sceneViewState":{"m_AlwaysRefresh":false,"showFog":true,"showSkybox":true,"showFlares":true,"showImageEffects":true,"showParticleSystems":true,"showVisualEffectGraphs":true,"m_FxEnabled":true},"in2DMode":false,"pivot":{"x":55.42353820800781,"y":7.880401611328125,"z":37.40644836425781},"rotation":{"x":-0.5611764192581177,"y":0.0017372329020872713,"z":-0.0011750251287594438,"w":-0.827686607837677},"size":1.8926221132278443,"orthographic":false}